"","MISSPROP","PS","CCS","MARG","SCI","SCIMI","MI","MIMI","PRAGMATIC_MU","PRAGMATIC_MC"
"1",0,1.38956491032175,1.38956491032175,1.38956491032175,1.35374978586042,1.35374978586042,1.35374978586042,1.35374978586042,0.916015669284743,0
"2",0.36,0.853592461588581,0.591976254559647,0.632455195711632,0.649368619868683,0.897073829564323,0.686373678783861,0.890375293013999,0.822956632916076,0.520130713652928
"3",0.39,0.695350043260884,0.802011920130627,0.874324857800263,0.869689740775059,0.689616500639717,0.88085324487118,0.685176692103488,1.06502471540904,0.558199960775517
"4",0.5,0.495304907934302,1.12530296911864,1.16295787162447,1.15645314675018,0.513096758035006,1.16221665980776,0.511050669622735,1.27681222088854,0.488675396544074
"5",0.42,0.457270611334172,0.996362992546434,1.02064275749799,1.04258519270642,0.874404433458491,1.02599852674762,0.596778897231705,1.1750203521085,0.411306494190325
"6",0.41,0.576663098457682,0.765491427243949,0.956321261718017,0.949019551696106,0.633317826092379,0.923295373413941,0.613536459647683,1.1590923613474,0.530289387056412
"7",0.54,0.574037685352325,0.995185403531349,1.06250506940895,1.05062108467932,0.57861665573637,1.07496827761773,0.578230772033258,1.24532518796803,0.587335543383569
"8",0.62,0.47089534608347,0.628011039287295,0.69981490480088,0.710087079394172,0.476236348511356,0.687563580403464,0.472647277358101,1.09783250725624,0.435189927013933
