"","MISSPROP","PS","CCS","MARG","SCI","SCIMI","MI","MIMI","PRAGMATIC_MU","PRAGMATIC_MC"
"1",0,NA,NA,NA,NA,NA,NA,NA,NA,NA
"2",0.21,1.11431126159818,0.770115968651675,0.770115968651675,0.770362791003896,1.59592965512329,0.765559133623399,1.12231455571166,1.0649187925448,1.22795925681172
"3",0.31,0.974928882057956,1.04720645108182,1.04720645108182,1.05543759685772,0.987457121792948,1.05356261681269,0.994680223679717,1.0301442579456,1.04434406783255
"4",0.33,1.19491329008355,1.35380386549472,1.35380386549472,1.34412059765627,1.22503108070086,1.35479773352125,1.20981866122717,1.21765528634767,1.64183848631349
"5",0.54,1.20978995661687,1.07734586145924,1.07734586145924,1.10769925975693,1.20227624165214,1.08697732300139,1.20342361039503,1.16704953067307,1.01516617621919
"6",0.53,1.56112984789168,0.967869089190105,0.967869089190105,0.969115422885782,1.53462950387099,0.973164973831466,1.52698317410474,0.999467990298465,1.40679871549144
"7",0.41,1.78052647113615,0.934554061184338,0.934554061184338,0.912592382566301,1.75188533814425,0.933312855040227,1.75462941710758,0.710570647169469,1.21713230474627
"8",0.67,0.916517033214516,1.0641493329044,1.0641493329044,1.06388301540431,0.913979021102744,1.06355158143462,0.912487709389082,1.08220000244372,0.970994939469457
