"","MISSPROP","PS","CCS","MARG","SCI","SCIMI","MI","MIMI","PRAGMATIC_MU","PRAGMATIC_MC"
"1",0,NA,NA,NA,NA,NA,NA,NA,NA,NA
"2",0.15,0.998226754663342,1.01678891728863,1.01678891728863,1.01429399002329,0.991215773068138,1.0089612779311,1.00012672899053,0.808188297564537,0.804895184306714
"3",0.24,1.62055149918791,0.995886611425586,0.995886611425587,1.0162333420006,1.6487872128036,1.02052002341091,1.65472285866374,0.679569389203947,0.683863754170206
"4",0.42,0.956912506017403,0.793803270744454,0.793803270744454,0.789776967553621,1.02900476571366,0.784502146893798,0.962188273021045,0.850263786473929,0.851577868131292
"5",0.4,1.96032954861189,1.16252291798495,1.16252291798495,1.1628076182716,1.95477889618236,1.16723581098855,1.9930298080631,0.973507864290948,0.970769671675455
"6",0.46,1.58357064480791,1.25121184118786,1.25121184118786,1.25231100049517,1.6724210465975,1.25126210245832,1.55103326688684,1.23927517773345,1.23375695646893
"7",0.54,0.84285070746178,0.846371231168483,0.846371231168483,0.851213375123732,0.860579159447231,0.845400833405176,0.836816539380064,0.844188873165805,0.845785249414807
"8",0.79,1.38725081509008,1.09369373663452,1.09369373663452,1.09095315356836,1.43522209931567,1.09365743127709,1.39738586556065,1.08716134895983,1.08536130184544
