"","MISSPROP","PS","CCS","MARG","SCI","SCIMI","MI","MIMI","PRAGMATIC_MU","PRAGMATIC_MC"
"1",0,NA,NA,NA,NA,NA,NA,NA,NA,NA
"2",0.15,0.992027964855101,1.01055610614185,1.01055610614184,1.00806496256271,0.985046360614171,1.00276713091951,0.993979990174227,0.80644588896712,0.803264762842715
"3",0.24,1.61065827358137,0.988922638853386,0.988922638853386,1.00938703376752,1.63982002208067,1.01367195518684,1.64373308204652,0.674509431348913,0.6787442837319
"4",0.42,0.949499322402351,0.787190195099737,0.787190195099737,0.783203719240976,1.02142102549171,0.777930971277383,0.954775061154377,0.844891792049049,0.846166414521014
"5",0.4,1.9496982443636,1.15529022812583,1.15529022812583,1.15555365884173,1.94406481872771,1.15999906556558,1.98241706443838,0.966137158618406,0.963529756985287
"6",0.46,1.57410114150569,1.24225661992144,1.24225661992144,1.24339725366895,1.66254267868503,1.24233194415522,1.54174294048158,1.22936002693431,1.2237936271561
"7",0.54,0.84112482994513,0.844496794643536,0.844496794643536,0.849119854098572,0.858690559307869,0.843302260970157,0.834720764959555,0.842792701338662,0.844351756218952
"8",0.79,1.3900349358619,1.09385774014916,1.09385774014916,1.09105971436217,1.43738993962714,1.0938212696447,1.40024594926368,1.08734783724979,1.08552489641316
