"","MISSPROP","PS","CCS","MARG","SCI","SCIMI","MI","MIMI","PRAGMATIC_MU","PRAGMATIC_MC"
"1",0,0.0621268962702681,0.0621268962702681,0.0621268962702679,0.0737551157723714,0.0737551157723714,0.0737551157723714,0.0737551157723714,0,0.916015669284743
"2",0.36,2.09234891784734,0.655735753783722,0.603712831259877,0.604444271927946,2.10831789521588,0.605088510003903,2.08993862243755,0.518053955169341,1.5010474989027
"3",0.39,1.37380147684209,0.727279391708119,0.651873073646286,0.652645989814954,1.37477078402456,0.649700471836514,1.38214099615324,0.557266296074108,1.28491641009738
"4",0.5,1.42627854011991,0.769081895143824,0.593874764517455,0.611068855295795,1.45811474064344,0.590804435844224,1.455515258139,0.492637593001446,1.13588416410717
"5",0.42,1.00833842917546,0.844228343506112,0.628829720800644,0.606036392430216,1.76484170907245,0.580460301872105,1.26372626250346,0.408226575562452,1.02030685665137
"6",0.41,1.47679769238568,0.993340322973689,0.620862651199734,0.596805293105838,1.53608720122666,0.639698857042403,1.4964510452357,0.532658166079005,1.2358270447305
"7",0.54,1.3052617388646,1.01040060531255,0.71888486826429,0.698362820916618,1.32962780208801,0.713681673734245,1.32486464486818,0.586651752010548,1.25156118193891
"8",0.62,1.08465357822305,0.851513938983885,0.566864684475154,0.566958546251973,1.08027714601008,0.592051483762319,1.07774567497401,0.43914450475475,1.01403931146771
