"","MISSPROP","PS","CCS","MARG","SCI","SCIMI","MI","MIMI","PRAGMATIC_MU","PRAGMATIC_MC"
"1",0,NA,NA,NA,NA,NA,NA,NA,NA,NA
"2",0.18,0.600163422278045,1.30008757750141,1.30008757750141,1.31346052753674,0.70631672552396,1.30276541365344,0.592572063376496,1.51788964162177,0.540551814679906
"3",0.31,0.616504485408111,1.90109440487818,1.90109440487818,1.88401217802175,0.629004056465549,1.87284320289779,0.668287942371572,1.59514961440987,0.470759171213065
"4",0.32,0.35543267982472,1.16768165419343,1.16768165419343,1.17288994400354,0.356162516256626,1.17922412589425,0.343895678684636,1.29924823849222,0.385033821394811
"5",0.39,0.67273786499825,0.854156422488767,0.854156422488766,0.863429319158771,0.708817968718277,0.848868579822332,0.67205522137498,1.18473837401157,0.621460660105706
"6",0.47,0.564774041689713,0.848308164252196,0.848308164252197,0.849408923415487,0.594059526393298,0.8408448130042,0.565127617023475,1.00725576318183,0.531868566466576
"7",0.58,0.569556607233722,1.15868150691583,1.15868150691583,1.17626904395845,0.575674106179932,1.15895040432752,0.568256789937628,0.932136911659651,0.564440146848004
"8",0.62,0.803987470677386,1.28217284096627,1.28217284096627,1.28763355882689,0.803872782350195,1.28545246376265,0.807114979027053,0.97323754033384,0.689489867554024
