"","MISSPROP","PS","CCS","MARG","SCI","SCIMI","MI","MIMI","PRAGMATIC_MU","PRAGMATIC_MC"
"1",0,NA,NA,NA,NA,NA,NA,NA,NA,NA
"2",0.21,0.363625581702151,2.33904041128063,2.33904041128063,2.3432326763812,0.42742134341317,2.32870920617742,0.366597936997529,3.095061299148,0.329317857996384
"3",0.31,0.469549189723721,2.02582208183195,2.02582208183195,2.02016782477887,0.474765240142013,2.02641293168975,0.474742386849154,2.07084618298075,0.430736717100762
"4",0.33,0.864756285491519,2.06845166380633,2.06845166380633,2.05093028663641,0.890501058561746,2.06967608256452,0.875311773058512,1.82900333883513,0.663779596940651
"5",0.54,0.564876966763642,1.54154241719574,1.54154241719574,1.59241973185328,0.559929578404069,1.55393392388117,0.562472764187358,1.72109121896202,0.579266050649479
"6",0.53,0.634585264822858,0.82856048608798,0.828560486087981,0.847351502684609,0.651080741455137,0.845621686273661,0.62846976358961,1.27825941570507,0.603558947865278
"7",0.41,0.698572748133567,0.629913488387182,0.629913488387182,0.620697226453754,0.695253487202039,0.628164457833107,0.689782190588729,0.78893686563668,0.474764997740041
"8",0.67,0.738958091410027,1.22914597792271,1.22914597792271,1.22839995744183,0.739710615102738,1.2272606575243,0.73895209437118,1.26389635815901,0.659135953461085
