"","MISSPROP","PS","CCS","MARG","SCI","SCIMI","MI","MIMI","PRAGMATIC_MU","PRAGMATIC_MC"
"1",0,0.0326951008346086,0.0326951008346086,0.0326951008346089,0.0594449855766308,0.0594449855766308,0.0594449855766308,0.0594449855766308,0,0.000166080761896892
"2",0.11,0.014434666847244,0.014434666847244,0.0165642800846732,0.0454333536731092,0.0549803636153745,0.0622968713122412,0.0549803636153743,0,0.000189303868671705
"3",0.21,0.0793439393857027,0.0793439393857027,0.0439014062655065,0.105948620593629,0.263268762031642,0.113631348014398,0.263268762031642,0,0.000159522353341315
"4",0.35,0.0848645010699077,0.0848645010699077,0.114665607761906,0.129262572009086,0.0970971851187574,0.10710686522941,0.0970971851187571,0,0.000165702818385394
"5",0.44,0.0638589460641572,0.0638589460641572,0.0588555742214013,0.0789385988505734,0.102262082087803,0.0614902316656945,0.102262082087803,0,0.000147692289871921
"6",0.46,0.0862741244932203,0.0862741244932203,0.0277188167246417,0.0633898553458165,0.0859112318734517,0.0394376636960889,0.0859112318734517,0,0.000183104088951701
"7",0.67,0.282660705394802,0.282660705394802,0.115321653165423,0.191529133515628,0.293813804594004,0.037785119143383,0.293813804594003,0,0.000246673883219016
"8",0.7,0.334537301653305,0.334537301653305,0.201884969579322,0.106531366325271,0.420276997219307,0.207089411593439,0.420276997219306,0,0.000133530647008298
