"","MISSPROP","PS","CCS","MARG","SCI","SCIMI","MI","MIMI","PRAGMATIC_MU","PRAGMATIC_MC"
"1",0,1.64700106607295,1.64700106607295,1.64700106607295,1.65303424696656,1.65303424696656,1.65303424696656,1.65303424696656,1.6016022126314,2.29858602940501
"2",0.36,1.44137678780854,1.44137678780854,1.62241012893428,1.59182825118243,1.42015354403894,1.64127623753232,1.42015354403894,1.75492665174623,1.41744288107069
"3",0.39,1.36578354850641,1.36578354850641,1.53984241116958,1.51437667618901,1.33564333616118,1.55099693884297,1.33564333616118,1.66701004972091,1.15014619438209
"4",0.5,0.914905773607856,0.914905773607856,1.05853507689704,1.05474095905539,0.960237415841289,1.04653629130412,0.960237415841289,1.31339760947825,0.93879442323607
"5",0.42,1.57282321946076,1.57282321946076,1.45002695462541,1.47467000100025,1.91106549959525,1.48961086282524,1.91106549959525,2.13323899775807,1.4169873215352
"6",0.41,0.696775027456959,0.696775027456959,0.997538699968749,1.00098610769384,0.759542973982661,0.961661157374419,0.75954297398266,1.39254351539741,0.709730993697682
"7",0.54,1.47452368465104,1.47452368465104,1.36503304408707,1.3655386089471,1.48449016051247,1.36376203140416,1.48449016051247,1.76614098227339,1.37117235532153
"8",0.62,1.12228507082093,1.12228507082093,1.21277473205525,1.24119578035396,1.15390863345652,1.22509942579629,1.15390863345652,1.75880813202391,0.956254431053934
