"","MISSPROP","PS","CCS","MARG","SCI","SCIMI","MI","MIMI","PRAGMATIC_MU","PRAGMATIC_MC"
"1",0,0.127003629132891,0.127003629132891,0.127003629132891,0.151832071168136,0.151832071168136,0.151832071168136,0.151832071168136,0,0.000180987632258316
"2",0.15,0.148067039745653,0.148067039745653,0.132117789974525,0.124219493559739,0.148176061085782,0.144265551626171,0.148176061085782,0,0.000188303783401656
"3",0.24,0.0733992169569411,0.0733992169569411,0.0502042880750223,0.0700114657409899,0.0804265469942357,0.0778644775848192,0.0804265469942359,0,0.000188498958902053
"4",0.42,0.147976802631922,0.147976802631922,0.0946602313414941,0.102854226754849,0.154359662547939,0.104857339295094,0.154359662547939,0,0.000189015616158259
"5",0.4,0.0203725386636578,0.0203725386636578,0.00641541149507838,0.0246308373579391,0.0204395134541651,0.00679146759261246,0.0204395134541653,0,0.000148530190195424
"6",0.46,0.0611007376384876,0.0611007376384876,0.054588600200371,0.0609193482930903,0.069382649172934,0.0463272857322418,0.0693826491729339,0,9.12051342910064e-05
"7",0.54,0.0490011097953315,0.0490011097953315,0.0251447918853418,0.0177497279103432,0.105446904086992,0.0397193210374443,0.105446904086992,0,0.00017985086518811
"8",0.79,0.267264046443162,0.267264046443162,0.119560627919357,0.123456226322295,0.190259055772833,0.0753533698053351,0.190259055772833,0,0.000145518249280683
