"","MISSPROP","PS","CCS","MARG","SCI","SCIMI","MI","MIMI","PRAGMATIC_MU","PRAGMATIC_MC"
"1",0,NA,NA,NA,NA,NA,NA,NA,NA,NA
"2",0.36,5.58718174437998,1.59658962198104,1.59658962198104,1.59162931979001,5.63543932038894,1.59826892660637,5.58438578489358,1.43903876435928,3.74614140604337
"3",0.39,3.29611856255522,1.63836962631427,1.63836962631427,1.63368197500971,3.27813926869645,1.63784499600633,3.29703724851359,1.42888793865156,2.74211782200488
"4",0.5,2.30883334245302,0.994440052500854,0.994440052500854,0.996083451034225,2.28381418027431,0.999717083337769,2.27861521526543,0.985275186002892,1.85121349895592
"5",0.42,1.38754633154888,0.996808032336159,0.996808032336159,1.0007042972157,2.59867591916469,0.997834087271467,1.40554390352423,0.971968037053458,1.6748086628601
"6",0.41,2.43260290379872,1.25343858815972,1.25343858815972,1.26042781686005,2.56208844601645,1.25854877342701,2.465414894819,1.29916625872928,1.96455204558148
"7",0.54,1.61156716280949,1.065528026602,1.065528026602,1.06274990416347,1.61738196373092,1.064750898618,1.60856130221271,1.08639213335287,1.69835888431462
"8",0.62,1.09718758384834,0.721155907656144,0.721155907656144,0.718345612568319,1.09857599652656,0.724440669776271,1.09449297872646,0.708297588314113,1.04339995580564
