"","MISSPROP","PS","CCS","MARG","SCI","SCIMI","MI","MIMI","PRAGMATIC_MU","PRAGMATIC_MC"
"1",0,0.127644363268455,0.127644363268455,0.127644363268455,0.152396227803004,0.152396227803004,0.152396227803004,0.152396227803004,0.000180987632258316,0
"2",0.15,0.147657288356631,0.147657288356631,0.131772636550069,0.123824166597079,0.147790882989455,0.143890245978487,0.147790882989454,0.000188303783401656,0
"3",0.24,0.0744126964507223,0.0744126964507223,0.0506828004548258,0.0708257832148996,0.0815966806938178,0.0786820508907884,0.081596680693818,0.000188498958902053,0
"4",0.42,0.148248849470354,0.148248849470354,0.0947465023233314,0.102849382712508,0.1546685220564,0.104901387331638,0.1546685220564,0.000189015616158259,0
"5",0.4,0.0201020660274761,0.0201020660274761,0.00711651921864045,0.0257196633431756,0.0201855460253738,0.00737271198606133,0.020185546025374,0.000148530190195424,0
"6",0.46,0.0620148111286714,0.0620148111286714,0.0552787672575738,0.0620621237582363,0.070253264025975,0.046935074105021,0.0702532640259749,9.12051342910064e-05,0
"7",0.54,0.0504668190965434,0.0504668190965434,0.026141225137547,0.0179513403704334,0.106693807539011,0.0405184074839063,0.106693807539011,0.00017985086518811,0
"8",0.79,0.265819763386874,0.265819763386874,0.117585266785388,0.121598465584758,0.189520804280223,0.0740918827408025,0.189520804280223,0.000145518249280683,0
